<?xml version="1.0" encoding="UTF-8"?>
<kmodule xmlns="http://www.drools.org/xsd/kmodule">
 	<kbase name="StatelessShopKB" packages="com.connecture.bigbear.ancillary.rules.medica">
        <ksession name="StatelessShopKS" type="stateless"/>
    </kbase>

   <kbase name="StatefulShopKB" packages="com.connecture.bigbear.ancillary.rules.medica">
        <ksession name="StatefulShopKS"/>
    </kbase>
    
    
    <kbase name="MStatelessShopKB" packages="com.connecture.bigbear.ancillary.rules.usaa">
        <ksession name="MStatelessShopKS" type="stateless"/>
    </kbase>
    <kbase name="MStatefulShopKB" packages="com.connecture.bigbear.ancillary.rules.usaa">
        <ksession name="MStatefulShopKS"/>
    </kbase>
    
</kmodule>
