[
{
	"zipCode": "00001",
	"members": [
		{
			"name": "TIM",
			"dateOfBirth": 506226351033,
			"relationShip": "Primary",
			"smoking": "Yes",
			"healthCareMonitor": "",
			"drugs": [
			],
			"adult": true
		},
		{
			"name": "TIMA",
			"dateOfBirth": 131336751033,
			"relationShip": "Spouse",
			"smoking": "No",
			"healthCareMonitor": "",
			"drugs": [
			],
			"adult": false
		},
		{
			"name": "MIMA",
			"dateOfBirth": 1330568751033,
			"relationShip": "Child1",
			"smoking": "No",
			"healthCareMonitor": "",
			"drugs": [
			],
			"adult": false
		},
		{
			"name": "MIMAM",
			"dateOfBirth": 1330568751033,
			"relationShip": "Child2",
			"smoking": "No",
			"healthCareMonitor": "",
			"drugs": [
			],
			"adult": false
		}
	],
	"eligibleForTax": "Yes",
	"recentLifeEvent": "",
	"recentLifeEventDate": 1467944751033,
	"medicalCoverageExists": "No",
	"planPreference": "",
	"planAmountRange": "",
	"specialistWithoutReference": "",
	"preferHSA": "1",
	"recommendedPlans": [
	]
},
{
	"zipCode": "00002",
	"members": [
		{
			"name": "STIM",
			"dateOfBirth": 506226351033,
			"relationShip": "Primary",
			"smoking": "Yes",
			"healthCareMonitor": "",
			"drugs": [
			],
			"adult": true
		},
		{
			"name": "STIMA",
			"dateOfBirth": 131336751033,
			"relationShip": "Spouse",
			"smoking": "No",
			"healthCareMonitor": "",
			"drugs": [
			],
			"adult": false
		},
		{
			"name": "SMIMA",
			"dateOfBirth": 1330568751033,
			"relationShip": "Spouse",
			"smoking": "No",
			"healthCareMonitor": "",
			"drugs": [
			],
			"adult": false
		}
	],
	"eligibleForTax": "Yes",
	"recentLifeEvent": "",
	"recentLifeEventDate": 1467944751033,
	"medicalCoverageExists": "No",
	"planPreference": "",
	"planAmountRange": "",
	"specialistWithoutReference": "",
	"preferHSA": "2",
	"recommendedPlans": [
	]
},
{
	"zipCode": "00003",
	"members": [
		{
			"name": "STEM",
			"dateOfBirth": 506226351033,
			"relationShip": "Primary",
			"smoking": "No",
			"healthCareMonitor": "",
			"drugs": [
			],
			"adult": true
		},
		{
			"name": "TEMA",
			"dateOfBirth": 131336751033,
			"relationShip": "Spouse",
			"smoking": "No",
			"healthCareMonitor": "",
			"drugs": [
			],
			"adult": true
		},
		{
			"name": "MEMA",
			"dateOfBirth": 1330568751033,
			"relationShip": "Child1",
			"smoking": "No",
			"healthCareMonitor": "",
			"drugs": [
			],
			"adult": false
		},
		{
			"name": "MEMAM",
			"dateOfBirth": 1330568751033,
			"relationShip": "Child2",
			"smoking": "No",
			"healthCareMonitor": "",
			"drugs": [
			],
			"adult": false
		}
	],
	"eligibleForTax": "Yes",
	"recentLifeEvent": "",
	"recentLifeEventDate": 1467944751033,
	"medicalCoverageExists": "No",
	"planPreference": "",
	"planAmountRange": "",
	"specialistWithoutReference": "",
	"preferHSA": "3",
	"recommendedPlans": [
	]
}

]
